{"bouquet": 0.7916666666666666, "figurines": 0.8076923076923077, "ramen": 0.45, "teatime": 0.5625, "waldo_kitchen": 0.5}