{
    "clip": {
        "0.0": 0.9972136604495858,
        "random": 0.915222887702314,
        "0.0517241396009922": 0.9945782924425576,
        "0.1034482792019844": 0.9932153286404602,
        "0.1551724225282669": 0.9931018431202964,
        "0.2068965584039688": 0.9935214373232979,
        "0.2586207091808319": 0.9940602495369466,
        "0.3103448450565338": 0.9946137391466686,
        "0.3620689809322357": 0.9951850727836414,
        "0.4137931168079376": 0.9957940213982256,
        "0.4655172526836395": 0.9963622016997912,
        "0.5172414183616638": 0.996816416062246,
        "0.5689655542373657": 0.9971968322890185,
        "0.6206896901130676": 0.9975243712986688,
        "0.6724138259887695": 0.9977774678829164,
        "0.7241379618644714": 0.9979651843284074,
        "0.7758620381355286": 0.9981114705424934,
        "0.8275861740112305": 0.9982296645999204,
        "0.8793103098869324": 0.9983289914178062,
        "0.9310344457626343": 0.9984143059513204,
        "0.9827585816383362": 0.9984889910480093,
        "1.034482717514038": 0.9985549547108227,
        "1.0862069129943848": 0.998614796960941,
        "1.137930989265442": 0.9986690992027292,
        "1.1896551847457886": 0.9987190001036859,
        "1.2413792610168457": 0.9987651900845057,
        "1.2931034564971924": 0.9988079609542744,
        "1.3448275327682495": 0.998847288012937,
        "1.3965517282485962": 0.9988832995352903,
        "1.4482758045196533": 0.9989162657760894,
        "1.5": 0.9989461639538357,
        "scale_mean": 0.9971407853752463
    },
    "dino": {
        "total": 0.8549166417286833,
        "random": 0.22952650858896603
    }
}