{
    "clip": {
        "0.0": 0.9925254487568614,
        "random": 0.8736781443785134,
        "0.0517241396009922": 0.9857506234855935,
        "0.1034482792019844": 0.9817686379282184,
        "0.1551724225282669": 0.9808895459910921,
        "0.2068965584039688": 0.9811742957712624,
        "0.2586207091808319": 0.9817007215921025,
        "0.3103448450565338": 0.9821933011826104,
        "0.3620689809322357": 0.98264087352363,
        "0.4137931168079376": 0.9831261157599458,
        "0.4655172526836395": 0.9836581188786097,
        "0.5172414183616638": 0.9842251635481881,
        "0.5689655542373657": 0.9848499665610856,
        "0.6206896901130676": 0.9855305413399091,
        "0.6724138259887695": 0.9862443392206365,
        "0.7241379618644714": 0.9869461121890996,
        "0.7758620381355286": 0.9875441536815864,
        "0.8275861740112305": 0.9879890786566579,
        "0.8793103098869324": 0.9883220590979866,
        "0.9310344457626343": 0.9886031794617126,
        "0.9827585816383362": 0.9889090385118846,
        "1.034482717514038": 0.9892622390150828,
        "1.0862069129943848": 0.9896289563293748,
        "1.137930989265442": 0.9899757071725462,
        "1.1896551847457886": 0.990297016176982,
        "1.2413792610168457": 0.9905924100446171,
        "1.2931034564971924": 0.990864296600281,
        "1.3448275327682495": 0.9911150553544753,
        "1.3965517282485962": 0.9913452963247317,
        "1.4482758045196533": 0.9915558126988554,
        "1.5": 0.9917470794053576,
        "scale_mean": 0.9870325061420326
    },
    "dino": {
        "total": 0.894910761324735,
        "random": 0.4238465265805994
    }
}