{
    "clip": {
        "0.0": 0.9965876199947499,
        "random": 0.8446880774247757,
        "0.0517241396009922": 0.9945040192866973,
        "0.1034482792019844": 0.9930449175894145,
        "0.1551724225282669": 0.9924779155508232,
        "0.2068965584039688": 0.992324015417348,
        "0.2586207091808319": 0.9923528143638886,
        "0.3103448450565338": 0.9924899464433201,
        "0.3620689809322357": 0.9927092924135686,
        "0.4137931168079376": 0.9929530640029509,
        "0.4655172526836395": 0.9931551303649551,
        "0.5172414183616638": 0.9933384654399481,
        "0.5689655542373657": 0.9935013487634484,
        "0.6206896901130676": 0.9936255680242823,
        "0.6724138259887695": 0.9937281920482264,
        "0.7241379618644714": 0.9938218415990333,
        "0.7758620381355286": 0.9939125642687555,
        "0.8275861740112305": 0.9940018441031695,
        "0.8793103098869324": 0.9940912501947269,
        "0.9310344457626343": 0.994172532840514,
        "0.9827585816383362": 0.9942467942379484,
        "1.034482717514038": 0.9943153700922285,
        "1.0862069129943848": 0.9943833115981792,
        "1.137930989265442": 0.9944605604373635,
        "1.1896551847457886": 0.994559884920455,
        "1.2413792610168457": 0.9946811278963706,
        "1.2931034564971924": 0.994815467218137,
        "1.3448275327682495": 0.994950474403108,
        "1.3965517282485962": 0.9950791825967902,
        "1.4482758045196533": 0.9951992886146138,
        "1.5": 0.9953083266439515,
        "scale_mean": 0.9939597377122988
    },
    "dino": {
        "total": 0.8925997758061395,
        "random": 0.30343324869947874
    }
}