{
    "clip": {
        "0.0": 0.9925294386587925,
        "random": 0.939405926248118,
        "0.0517241396009922": 0.9767518047636106,
        "0.1034482792019844": 0.9604433887317142,
        "0.1551724225282669": 0.9569556353494759,
        "0.2068965584039688": 0.9604917350087602,
        "0.2586207091808319": 0.965726533637129,
        "0.3103448450565338": 0.9703290723695228,
        "0.3620689809322357": 0.9736562718315869,
        "0.4137931168079376": 0.9760251720267736,
        "0.4655172526836395": 0.9777397000900087,
        "0.5172414183616638": 0.9790699052237972,
        "0.5689655542373657": 0.9802380550500979,
        "0.6206896901130676": 0.9813047004368131,
        "0.6724138259887695": 0.9822598906532454,
        "0.7241379618644714": 0.9831367838872134,
        "0.7758620381355286": 0.9839861622112802,
        "0.8275861740112305": 0.9848043223424452,
        "0.8793103098869324": 0.9855802835558425,
        "0.9310344457626343": 0.9863095346536399,
        "0.9827585816383362": 0.9869865640393763,
        "1.034482717514038": 0.9876090744578468,
        "1.0862069129943848": 0.9881917020389265,
        "1.137930989265442": 0.9887304243773504,
        "1.1896551847457886": 0.9892294513345425,
        "1.2413792610168457": 0.989690248335291,
        "1.2931034564971924": 0.9901168450274586,
        "1.3448275327682495": 0.9905119999993816,
        "1.3965517282485962": 0.9908778000651097,
        "1.4482758045196533": 0.9912161731881804,
        "1.5": 0.9915299177589474,
        "scale_mean": 0.9814009530368053
    },
    "dino": {
        "total": 0.7670997773905417,
        "random": 0.6054401701849672
    }
}