{
    "clip": {
        "0.0": 0.996770350909818,
        "random": 0.9237758836409801,
        "0.0517241396009922": 0.9933785923114126,
        "0.1034482792019844": 0.9928055773544536,
        "0.1551724225282669": 0.9934226462896815,
        "0.2068965584039688": 0.994080331680487,
        "0.2586207091808319": 0.9946520762782435,
        "0.3103448450565338": 0.9951695847516531,
        "0.3620689809322357": 0.9956349693786426,
        "0.4137931168079376": 0.9960514506277237,
        "0.4655172526836395": 0.9964156605727572,
        "0.5172414183616638": 0.9967179733307238,
        "0.5689655542373657": 0.9969633529224428,
        "0.6206896901130676": 0.9971617683701812,
        "0.6724138259887695": 0.9973328262362625,
        "0.7241379618644714": 0.9974877391826307,
        "0.7758620381355286": 0.9976364086161718,
        "0.8275861740112305": 0.9977846825676253,
        "0.8793103098869324": 0.9979307499883391,
        "0.9310344457626343": 0.9980725488646085,
        "0.9827585816383362": 0.9982084268816227,
        "1.034482717514038": 0.9983334288146439,
        "1.0862069129943848": 0.9984481253843358,
        "1.137930989265442": 0.9985507266869502,
        "1.1896551847457886": 0.998642899140756,
        "1.2413792610168457": 0.9987239527165018,
        "1.2931034564971924": 0.9987943424560399,
        "1.3448275327682495": 0.9988551422528317,
        "1.3965517282485962": 0.9989072830666281,
        "1.4482758045196533": 0.9989523766549557,
        "1.5": 0.998991272431691,
        "scale_mean": 0.9970292422240272
    },
    "dino": {
        "total": 0.8745674478883273,
        "random": 0.23346625688650793
    }
}