{
    "clip": {
        "0.0": 0.9961393880727863,
        "random": 0.8160440190276288,
        "0.0517241396009922": 0.993377630178068,
        "0.1034482792019844": 0.9909467383125626,
        "0.1551724225282669": 0.9899244067725999,
        "0.2068965584039688": 0.9896392680556585,
        "0.2586207091808319": 0.989737851980193,
        "0.3103448450565338": 0.9899953409432648,
        "0.3620689809322357": 0.9902828140911778,
        "0.4137931168079376": 0.9904958410745994,
        "0.4655172526836395": 0.990654665386617,
        "0.5172414183616638": 0.9907992319263337,
        "0.5689655542373657": 0.9909655574492927,
        "0.6206896901130676": 0.9911424039836613,
        "0.6724138259887695": 0.9913115287346641,
        "0.7241379618644714": 0.9914651396281325,
        "0.7758620381355286": 0.9915932481111561,
        "0.8275861740112305": 0.991695825646614,
        "0.8793103098869324": 0.9917790549623945,
        "0.9310344457626343": 0.9918507383960473,
        "0.9827585816383362": 0.9919144514697883,
        "1.034482717514038": 0.9919713674937259,
        "1.0862069129943848": 0.9920221214187078,
        "1.137930989265442": 0.9920679332807185,
        "1.1896551847457886": 0.9921099887299274,
        "1.2413792610168457": 0.9921493285759948,
        "1.2931034564971924": 0.9921854185594652,
        "1.3448275327682495": 0.9922182397468603,
        "1.3965517282485962": 0.9922489616745803,
        "1.4482758045196533": 0.9922784616603535,
        "1.5": 0.9923065482163234,
        "scale_mean": 0.9915756498177422
    },
    "dino": {
        "total": 0.8917601910288347,
        "random": 0.32203320787869055
    }
}