{
    "clip": {
        "0.0": 0.9968509021705206,
        "random": 0.9065814017179173,
        "0.0517241396009922": 0.9949282481475358,
        "0.1034482792019844": 0.9940400601664633,
        "0.1551724225282669": 0.9939355404238315,
        "0.2068965584039688": 0.9941610533328317,
        "0.2586207091808319": 0.9945486127223542,
        "0.3103448450565338": 0.994942889470631,
        "0.3620689809322357": 0.9953234675054334,
        "0.4137931168079376": 0.9956687436894757,
        "0.4655172526836395": 0.9959914726924024,
        "0.5172414183616638": 0.9962811717124355,
        "0.5689655542373657": 0.9965363169398682,
        "0.6206896901130676": 0.9967537012203526,
        "0.6724138259887695": 0.9969379238693115,
        "0.7241379618644714": 0.9970971109898022,
        "0.7758620381355286": 0.9972354551233235,
        "0.8275861740112305": 0.9973593762630985,
        "0.8793103098869324": 0.9974729665239758,
        "0.9310344457626343": 0.9975786161093442,
        "0.9827585816383362": 0.9976763741866697,
        "1.034482717514038": 0.9977672014639729,
        "1.0862069129943848": 0.9978544676783813,
        "1.137930989265442": 0.9979380099856546,
        "1.1896551847457886": 0.9980171438359804,
        "1.2413792610168457": 0.9980919276765007,
        "1.2931034564971924": 0.9981621506840648,
        "1.3448275327682495": 0.9982284604706896,
        "1.3965517282485962": 0.9982910199945816,
        "1.4482758045196533": 0.9983505426468527,
        "1.5": 0.9984068664642547,
        "scale_mean": 0.9967475931386865
    },
    "dino": {
        "total": 0.82700038075673,
        "random": 0.17644691766772333
    }
}