{
    "clip": {
        "0.0": 0.9972202045543401,
        "random": 0.8601426015128595,
        "0.0517241396009922": 0.9964616408218581,
        "0.1034482792019844": 0.9956044542961939,
        "0.1551724225282669": 0.9950484544375057,
        "0.2068965584039688": 0.9946934362153766,
        "0.2586207091808319": 0.9944841228768506,
        "0.3103448450565338": 0.9943975267928322,
        "0.3620689809322357": 0.9943982291012492,
        "0.4137931168079376": 0.994439892312606,
        "0.4655172526836395": 0.9945030257767901,
        "0.5172414183616638": 0.9945670841735775,
        "0.5689655542373657": 0.9946251592680866,
        "0.6206896901130676": 0.9946780130413165,
        "0.6724138259887695": 0.9947263453176644,
        "0.7241379618644714": 0.9947683724111349,
        "0.7758620381355286": 0.9948133501572005,
        "0.8275861740112305": 0.9948641947345316,
        "0.8793103098869324": 0.9949231088426908,
        "0.9310344457626343": 0.9949914621173758,
        "0.9827585816383362": 0.9950683043392173,
        "1.034482717514038": 0.9951579685068748,
        "1.0862069129943848": 0.9952580936183197,
        "1.137930989265442": 0.9953582315238216,
        "1.1896551847457886": 0.9954519735552577,
        "1.2413792610168457": 0.9955365340137882,
        "1.2931034564971924": 0.9956160996847315,
        "1.3448275327682495": 0.9956920809078211,
        "1.3965517282485962": 0.9957636749156206,
        "1.4482758045196533": 0.9958320720307094,
        "1.5": 0.9958950601837585,
        "scale_mean": 0.9951612723509701
    },
    "dino": {
        "total": 0.93279653837909,
        "random": 0.45093723687791887
    }
}