{"clip": {"book_store": 0.9662737436170996, "bouquet": 0.8973456034652988, "donuts": 0.9611088306193905, "dozer_nerfgun_waldo": 0.6930550165787948, "espresso": 0.9610260122665071, "figurines": 0.9542045323140479, "fruit_aisle": 0.9651845893524047, "hand_hand": 0.9654024191685874, "ramen": 0.9566305570604339, "shoe_rack": 0.9591273323292558, "sunnyside": 0.9547843452057911, "teatime": 0.9679147259895687, "veggie_aisle": 0.9717317909714832, "waldo_kitchen": 0.9686896899723706, "mean": 0.9387485134936454}, "dino": {"book_store": 0.8116958469192586, "bouquet": 0.8176020044597264, "donuts": 0.8458148856612241, "dozer_nerfgun_waldo": 0.409721403421528, "espresso": 0.8363639523523215, "figurines": 0.8403464443553486, "fruit_aisle": 0.7899350716369848, "hand_hand": 0.8776033158053232, "ramen": 0.8620449270210961, "shoe_rack": 0.8188031397391042, "sunnyside": 0.8179719876276637, "teatime": 0.8649677072497504, "veggie_aisle": 0.8254576457960483, "waldo_kitchen": 0.8286740042262348, "mean": 0.8033573097336866}}