{
    "clip": {
        "0.0": 0.9969919481121984,
        "random": 0.8599048303470793,
        "0.0517241396009922": 0.994431603146061,
        "0.1034482792019844": 0.9931204496437104,
        "0.1551724225282669": 0.9926564118950195,
        "0.2068965584039688": 0.9924621543659056,
        "0.2586207091808319": 0.9923948492917734,
        "0.3103448450565338": 0.9924548897845132,
        "0.3620689809322357": 0.9925723199650005,
        "0.4137931168079376": 0.992694837354945,
        "0.4655172526836395": 0.9928307198590967,
        "0.5172414183616638": 0.9929843681223818,
        "0.5689655542373657": 0.9931415852091744,
        "0.6206896901130676": 0.9932912880610708,
        "0.6724138259887695": 0.9934337590123209,
        "0.7241379618644714": 0.9935804556755535,
        "0.7758620381355286": 0.993732465771796,
        "0.8275861740112305": 0.9938836688915135,
        "0.8793103098869324": 0.994031887001418,
        "0.9310344457626343": 0.9941762996126958,
        "0.9827585816383362": 0.9943175378432867,
        "1.034482717514038": 0.9944479915057816,
        "1.0862069129943848": 0.9945666663376045,
        "1.137930989265442": 0.9946713121708254,
        "1.1896551847457886": 0.9947637928341093,
        "1.2413792610168457": 0.9948457368336441,
        "1.2931034564971924": 0.9949179497680367,
        "1.3448275327682495": 0.9949841099667583,
        "1.3965517282485962": 0.9950490948349796,
        "1.4482758045196533": 0.9951141643216609,
        "1.5": 0.9951801988160272,
        "scale_mean": 0.9939241505336288
    },
    "dino": {
        "total": 0.9008874230944287,
        "random": 0.28155902667872457
    }
}