{
    "clip": {
        "0.0": 0.9956282460887579,
        "random": 0.8602473085266096,
        "0.0517241396009922": 0.993590099677201,
        "0.1034482792019844": 0.9919329581023152,
        "0.1551724225282669": 0.9912949860213239,
        "0.2068965584039688": 0.9911075112703885,
        "0.2586207091808319": 0.9911243484218291,
        "0.3103448450565338": 0.991305213298407,
        "0.3620689809322357": 0.9915911604767484,
        "0.4137931168079376": 0.991918071074994,
        "0.4655172526836395": 0.992312531915302,
        "0.5172414183616638": 0.9926975397943271,
        "0.5689655542373657": 0.9930581135365355,
        "0.6206896901130676": 0.9934010964467122,
        "0.6724138259887695": 0.9937189853165044,
        "0.7241379618644714": 0.9940225769573984,
        "0.7758620381355286": 0.9943310535328468,
        "0.8275861740112305": 0.9946386669824663,
        "0.8793103098869324": 0.9949465652449663,
        "0.9310344457626343": 0.9952404451282368,
        "0.9827585816383362": 0.9955133632949562,
        "1.034482717514038": 0.995760227877591,
        "1.0862069129943848": 0.9959861403186311,
        "1.137930989265442": 0.9961858646041467,
        "1.1896551847457886": 0.9963607839355829,
        "1.2413792610168457": 0.9965182043531958,
        "1.2931034564971924": 0.9966587363662212,
        "1.3448275327682495": 0.9967850829945716,
        "1.3965517282485962": 0.9968992099824083,
        "1.4482758045196533": 0.9970048877501779,
        "1.5": 0.9971053697947332,
        "scale_mean": 0.9942879346853161
    },
    "dino": {
        "total": 0.8695497173694617,
        "random": 0.28006322823304003
    }
}