{
    "clip": {
        "0.0": 0.9977360690942529,
        "random": 0.9427300283139847,
        "0.0517241396009922": 0.9944337402400852,
        "0.1034482792019844": 0.9938269934435849,
        "0.1551724225282669": 0.9941132696939052,
        "0.2068965584039688": 0.9946403891820395,
        "0.2586207091808319": 0.9952479333095261,
        "0.3103448450565338": 0.9958123770727707,
        "0.3620689809322357": 0.9962722955842113,
        "0.4137931168079376": 0.9966275841732855,
        "0.4655172526836395": 0.9969172542704927,
        "0.5172414183616638": 0.9971775517742987,
        "0.5689655542373657": 0.9974211792775619,
        "0.6206896901130676": 0.9976469085023844,
        "0.6724138259887695": 0.9978467484812649,
        "0.7241379618644714": 0.9980170371735775,
        "0.7758620381355286": 0.998157730029754,
        "0.8275861740112305": 0.998271593976111,
        "0.8793103098869324": 0.9983637414961045,
        "0.9310344457626343": 0.9984388081575107,
        "0.9827585816383362": 0.9984992952844414,
        "1.034482717514038": 0.9985481607065703,
        "1.0862069129943848": 0.9985894501376803,
        "1.137930989265442": 0.9986245908613591,
        "1.1896551847457886": 0.9986549855261062,
        "1.2413792610168457": 0.9986816674046717,
        "1.2931034564971924": 0.998705786273293,
        "1.3448275327682495": 0.9987283807860988,
        "1.3965517282485962": 0.9987500066045195,
        "1.4482758045196533": 0.9987711977161412,
        "1.5": 0.99879229567153,
        "scale_mean": 0.997410500730171
    },
    "dino": {
        "total": 0.8950287686267558,
        "random": 0.4233237510799895
    }
}