{
    "clip": {
        "0.0": 0.9970458663582293,
        "random": 0.8548937576607172,
        "0.0517241396009922": 0.9952470383121664,
        "0.1034482792019844": 0.9939923135712821,
        "0.1551724225282669": 0.9937053472457773,
        "0.2068965584039688": 0.9938487195034561,
        "0.2586207091808319": 0.9941113368900973,
        "0.3103448450565338": 0.9943880683847216,
        "0.3620689809322357": 0.9946501475197345,
        "0.4137931168079376": 0.9948653434533646,
        "0.4655172526836395": 0.9950273762342727,
        "0.5172414183616638": 0.9951406338628204,
        "0.5689655542373657": 0.9952261870670197,
        "0.6206896901130676": 0.9952917641322009,
        "0.6724138259887695": 0.9953436896037021,
        "0.7241379618644714": 0.9953878348322022,
        "0.7758620381355286": 0.9954314317790072,
        "0.8275861740112305": 0.9954779586613034,
        "0.8793103098869324": 0.9955279902355192,
        "0.9310344457626343": 0.9955857211842027,
        "0.9827585816383362": 0.9956487634544993,
        "1.034482717514038": 0.995711127703438,
        "1.0862069129943848": 0.9957701904966035,
        "1.137930989265442": 0.9958248031190446,
        "1.1896551847457886": 0.9958762142288717,
        "1.2413792610168457": 0.9959247341803544,
        "1.2931034564971924": 0.9959707883556009,
        "1.3448275327682495": 0.9960150526060622,
        "1.3965517282485962": 0.9960572919884609,
        "1.4482758045196533": 0.9960974417725724,
        "1.5": 0.9961356168810135,
        "scale_mean": 0.9953442264539201
    },
    "dino": {
        "total": 0.9013546148198901,
        "random": 0.26946819037901937
    }
}