{
    "clip": {
        "0.0": 0.9974714231339434,
        "random": 0.9390440981120518,
        "0.0517241396009922": 0.9947725567200343,
        "0.1034482792019844": 0.994737739302971,
        "0.1551724225282669": 0.9954021068976094,
        "0.2068965584039688": 0.996127157214983,
        "0.2586207091808319": 0.9967490022882849,
        "0.3103448450565338": 0.9972224760158577,
        "0.3620689809322357": 0.9975835201945918,
        "0.4137931168079376": 0.9978435850540069,
        "0.4655172526836395": 0.9980523013902328,
        "0.5172414183616638": 0.9982424632104349,
        "0.5689655542373657": 0.9984223892282011,
        "0.6206896901130676": 0.9985977469287303,
        "0.6724138259887695": 0.9987490600838372,
        "0.7241379618644714": 0.9988712815098217,
        "0.7758620381355286": 0.9989699406292404,
        "0.8275861740112305": 0.9990521882042094,
        "0.8793103098869324": 0.9991219785111636,
        "0.9310344457626343": 0.9991808525600886,
        "0.9827585816383362": 0.9992304532819499,
        "1.034482717514038": 0.9992718816226637,
        "1.0862069129943848": 0.9993075401405191,
        "1.137930989265442": 0.9993382798733268,
        "1.1896551847457886": 0.9993652388310883,
        "1.2413792610168457": 0.9993893394099783,
        "1.2931034564971924": 0.9994109670565703,
        "1.3448275327682495": 0.9994305658929803,
        "1.3965517282485962": 0.999448312710893,
        "1.4482758045196533": 0.9994645955551916,
        "1.5": 0.9994796312638875,
        "scale_mean": 0.9982768858239097
    },
    "dino": {
        "total": 0.8552693366283717,
        "random": 0.1707991791922812
    }
}