{
    "clip": {
        "0.0": 0.997054449433832,
        "random": 0.9006981315075689,
        "0.0517241396009922": 0.995521040807722,
        "0.1034482792019844": 0.9942148067528239,
        "0.1551724225282669": 0.9936933420647567,
        "0.2068965584039688": 0.9937062147935167,
        "0.2586207091808319": 0.9939737977185829,
        "0.3103448450565338": 0.9943473185186009,
        "0.3620689809322357": 0.9947654587674636,
        "0.4137931168079376": 0.9952171273617799,
        "0.4655172526836395": 0.995649370135117,
        "0.5172414183616638": 0.9960414366652232,
        "0.5689655542373657": 0.9963946286800992,
        "0.6206896901130676": 0.9967168788670473,
        "0.6724138259887695": 0.9970143851287532,
        "0.7241379618644714": 0.9972774115800772,
        "0.7758620381355286": 0.9974969988737095,
        "0.8275861740112305": 0.9976823462867735,
        "0.8793103098869324": 0.9978461356423644,
        "0.9310344457626343": 0.99799178792605,
        "0.9827585816383362": 0.9981214571669792,
        "1.034482717514038": 0.9982368368512351,
        "1.0862069129943848": 0.9983417085245747,
        "1.137930989265442": 0.9984363449362293,
        "1.1896551847457886": 0.9985213480492007,
        "1.2413792610168457": 0.9985972901886939,
        "1.2931034564971924": 0.9986652918428277,
        "1.3448275327682495": 0.9987260933685785,
        "1.3965517282485962": 0.9987795163235146,
        "1.4482758045196533": 0.9988263991097079,
        "1.5": 0.9988676089695393,
        "scale_mean": 0.9968908277111791
    },
    "dino": {
        "total": 0.8810422367789119,
        "random": 0.30566425320433566
    }
}