{
    "0.5": 0.4973477735017536,
    "0.55": 0.5650744786090737,
    "0.6": 0.5411898843870121,
    "0.65": 0.4276639451259769,
    "0.7": 0.28129521138605157,
    "0.75": 0.42243371429695636,
    "0.8": 0,
    "0.85": 0,
    "0.9": 0,
    "0.95": 0,
    "1.0": 0,
    "max": 0.6421704359098567
}