{
    "ours": {
        "big white crinkly flower": 0.6544495820999146,
        "bouquet": 0.6905195116996765,
        "carnation": 0.7216147184371948,
        "daisy": 0.5822941660881042,
        "eucalyptus": 0.7020450234413147,
        "lily": 0.755212664604187,
        "rosemary": 0.6640653014183044,
        "small white flowers": 0.6901810765266418,
        "table": 0.7024767994880676,
        "flowers": 0.720167338848114,
        "pink flowers": 0.7007150053977966,
        "wood": 0.6603388786315918,
        "bag of food": 0.48262590169906616,
        "hand sanitizer": 0.4821550250053406,
        "airpods case": 0.43803566694259644,
        "usb cable": 0.5231168866157532,
        "brown paper napkins": 0.5788171887397766,
        "transparent tupperware": 0.5431060194969177,
        "colorful coaster": 0.4993956983089447,
        "business cards": 0.4682994782924652,
        "packing tape": 0.5786455273628235,
        "hardware clamps": 0.5027335286140442,
        "iphone": 0.4850316047668457,
        "laptop": 0.5483932495117188,
        "cooking tongs": 0.539738655090332,
        "mug": 0.5361509323120117,
        "drinking straw": 0.5636801719665527,
        "jake": 0.5589349865913391,
        "miffy": 0.4735965430736542,
        "rabbit": 0.522262454032898,
        "bunny": 0.5080724358558655,
        "old camera": 0.4546063244342804,
        "toy elephant": 0.42590513825416565,
        "twizzlers": 0.470527708530426,
        "waldo": 0.47626325488090515,
        "quilted pumpkin": 0.38577452301979065,
        "tomato": 0.5595821738243103,
        "tesla door handle": 0.6148558855056763,
        "porcelain hand": 0.48240453004837036,
        "rubics cube": 0.4515989124774933,
        "rubber duck": 0.4847850799560547,
        "apple": 0.5371991991996765,
        "ice cream cone": 0.4611920118331909,
        "pink ice cream": 0.4954579770565033,
        "toy cat statue": 0.4226498305797577,
        "toy chair": 0.5698175430297852,
        "spatula": 0.5620352625846863,
        "pikachu": 0.49048250913619995,
        "bear": 0.5643190145492554,
        "sheep": 0.49233680963516235,
        "bear nose": 0.4710715413093567,
        "coffee mug": 0.4916917681694031,
        "spill": 0.5574000477790833,
        "tea in a glass": 0.47194385528564453,
        "cookies": 0.4334625005722046,
        "bag of cookies": 0.43510761857032776,
        "dall-e": 0.5351781845092773,
        "hooves": 0.6374037861824036,
        "coffee": 0.5713614821434021,
        "yellow pouf": 0.46679529547691345,
        "spoon handle": 0.60478675365448,
        "paper napkin": 0.5211449861526489,
        "red mug": 0.47879281640052795,
        "pour-over vessel": 0.4876023232936859,
        "olive oil": 0.5603740811347961,
        "vegetable oil": 0.4541035592556,
        "toaster": 0.5648495554924011,
        "cookbooks": 0.5262536406517029,
        "dish soap": 0.542731761932373,
        "plates": 0.5484103560447693,
        "sink": 0.5584031939506531,
        "faucet": 0.5090723633766174,
        "copper-bottom pot": 0.5237345695495605,
        "utensils": 0.514851987361908,
        "knives": 0.4985555112361908,
        "spice rack": 0.542457640171051,
        "coffee grinder": 0.5392438769340515,
        "flour": 0.49465247988700867,
        "blue hydroflask": 0.4902741014957428,
        "pepper mill": 0.5877949595451355,
        "paper towel roll": 0.5944558382034302,
        "scrub brush": 0.4852279722690582,
        "power outlet": 0.6351867914199829,
        "person": 0.5718607306480408,
        "bicycle": 0.4783046543598175,
        "car": 0.5675339698791504,
        "motorcycle": 0.49077412486076355,
        "airplane": 0.5217857956886292,
        "bus": 0.6082574129104614,
        "train": 0.5888972282409668,
        "truck": 0.5564746856689453,
        "boat": 0.5954092144966125,
        "traffic light": 0.5073210000991821,
        "fire hydrant": 0.4990962743759155,
        "street sign": 0.4936182200908661,
        "stop sign": 0.48878148198127747,
        "parking meter": 0.4907800555229187,
        "bench": 0.5569202899932861,
        "bird": 0.5748335719108582,
        "cat": 0.5951692461967468,
        "dog": 0.5935341715812683,
        "horse": 0.4885140061378479,
        "cow": 0.4737919569015503,
        "zebra": 0.5073837041854858,
        "giraffe": 0.47529470920562744,
        "hat": 0.5113818049430847,
        "backpack": 0.6073882579803467,
        "umbrella": 0.5239223837852478,
        "shoe": 0.5111699104309082,
        "eye glasses": 0.4316355586051941,
        "handbag": 0.5646189451217651,
        "tie": 0.5516124963760376,
        "suitcase": 0.6639177799224854,
        "frisbee": 0.5173305869102478,
        "skis": 0.5283722281455994,
        "snowboard": 0.5178698897361755,
        "sports ball": 0.4520099461078644,
        "kite": 0.606410562992096,
        "baseball bat": 0.5458694100379944,
        "baseball glove": 0.45745593309402466,
        "skateboard": 0.5479188561439514,
        "surfboard": 0.526993453502655,
        "tennis racket": 0.4933670461177826,
        "bottle": 0.6038574576377869,
        "plate": 0.5328977704048157,
        "wine glass": 0.5185821056365967,
        "cup": 0.5628081560134888,
        "fork": 0.5781679153442383,
        "knife": 0.5048606395721436,
        "spoon": 0.5714462995529175,
        "bowl": 0.5415021777153015,
        "banana": 0.5164235830307007,
        "sandwich": 0.4671263098716736,
        "orange": 0.538564145565033,
        "broccoli": 0.5067432522773743,
        "carrot": 0.437340646982193,
        "hot dog": 0.46022534370422363,
        "pizza": 0.4582544267177582,
        "donut": 0.47756829857826233,
        "cake": 0.448309063911438,
        "chair": 0.6057777404785156,
        "couch": 0.6295915842056274,
        "potted plant": 0.6864707469940186,
        "bed": 0.5673206448554993,
        "mirror": 0.59194415807724,
        "dining table": 0.678766667842865,
        "window": 0.7054471969604492,
        "desk": 0.6451661586761475,
        "toilet": 0.5515921115875244,
        "door": 0.6145608425140381,
        "tv": 0.5923469662666321,
        "mouse": 0.5657867193222046,
        "remote": 0.5358055830001831,
        "keyboard": 0.5473073124885559,
        "cell phone": 0.4716739058494568,
        "microwave": 0.6023135781288147,
        "oven": 0.606350302696228,
        "refrigerator": 0.6166611313819885,
        "blender": 0.5808363556861877,
        "book": 0.5757133364677429,
        "clock": 0.48818618059158325,
        "scissors": 0.49746397137641907,
        "teddy bear": 0.4527773857116699,
        "hair drier": 0.5260763764381409,
        "toothbrush": 0.5292620658874512,
        "hair brush": 0.4314117431640625
    },
    "lerf": {
        "big white crinkly flower": 0.7269113659858704,
        "bouquet": 0.8256604075431824,
        "carnation": 0.7485230565071106,
        "daisy": 0.615041971206665,
        "eucalyptus": 0.7788981199264526,
        "lily": 0.797183632850647,
        "rosemary": 0.7433391213417053,
        "small white flowers": 0.7834192514419556,
        "table": 0.7202721238136292,
        "flowers": 0.8677334785461426,
        "pink flowers": 0.8712105751037598,
        "wood": 0.6789827942848206,
        "bag of food": 0.5483343005180359,
        "hand sanitizer": 0.5206061601638794,
        "airpods case": 0.4860953390598297,
        "usb cable": 0.628577470779419,
        "brown paper napkins": 0.6551317572593689,
        "transparent tupperware": 0.5786339640617371,
        "colorful coaster": 0.5396022200584412,
        "business cards": 0.4862249791622162,
        "packing tape": 0.6302741765975952,
        "hardware clamps": 0.5438598990440369,
        "iphone": 0.5322078466415405,
        "laptop": 0.5983754992485046,
        "cooking tongs": 0.5703895092010498,
        "mug": 0.559870719909668,
        "drinking straw": 0.5976067185401917,
        "jake": 0.5720824003219604,
        "miffy": 0.574256181716919,