{
    "ours": {
        "jake": 0.6082227230072021,
        "miffy": 0.6917436718940735,
        "rabbit": 0.6873753666877747,
        "bunny": 0.7219514846801758,
        "old camera": 0.6556475758552551,
        "toy elephant": 0.6881576180458069,
        "twizzlers": 0.7977901101112366,
        "quilted pumpkin": 0.6673185229301453,
        "tesla door handle": 0.6899319887161255,
        "porcelain hand": 0.7338456511497498,
        "rubics cube": 0.7200771570205688,
        "rubber duck": 0.7747437953948975,
        "apple": 0.5567219853401184,
        "ice cream cone": 0.5966794490814209,
        "pink ice cream": 0.6316089630126953,
        "toy cat statue": 0.5997908711433411,
        "toy chair": 0.6823692321777344,
        "waldo": 0.7322519421577454,
        "spatula": 0.6008195281028748,
        "pikachu": 0.6070677638053894,
        "big white crinkly flower": 0.42545783519744873,
        "bouquet": 0.4180818498134613,
        "carnation": 0.5011614561080933,
        "daisy": 0.5726243853569031,
        "eucalyptus": 0.5143911838531494,
        "lily": 0.5356287360191345,
        "rosemary": 0.49961715936660767,
        "small white flowers": 0.48316487669944763,
        "table": 0.6741554141044617,
        "vase": 0.4928107261657715,
        "flowers": 0.41315898299217224,
        "pink flowers": 0.41647881269454956,
        "bear": 0.5821621417999268,
        "sheep": 0.6136298775672913,
        "bear nose": 0.5576119422912598,
        "coffee mug": 0.44877055287361145,
        "spill": 0.5437322854995728,
        "tea in a glass": 0.4736131429672241,
        "cookies": 0.45372816920280457,
        "bag of cookies": 0.5121002197265625,
        "dall-e": 0.5454537868499756,
        "hooves": 0.5271416902542114,
        "coffee": 0.5673090815544128,
        "yellow pouf": 0.5236586332321167,
        "spoon handle": 0.6457905173301697,
        "paper napkin": 0.45082470774650574,
        "wood": 0.6412510871887207,
        "bag of food": 0.5986314415931702,
        "hand sanitizer": 0.5011349320411682,
        "airpods case": 0.605319619178772,
        "usb cable": 0.5432936549186707,
        "brown paper napkins": 0.5174380540847778,
        "transparent tupperware": 0.6919088959693909,
        "colorful coaster": 0.4911051392555237,
        "business cards": 0.4601222276687622,
        "packing tape": 0.5418489575386047,
        "hardware clamps": 0.5110751390457153,
        "iphone": 0.4714954197406769,
        "laptop": 0.5550878643989563,
        "cooking tongs": 0.5668227672576904,
        "mug": 0.5012334585189819,
        "drinking straw": 0.615697979927063,
        "red mug": 0.6065628528594971,
        "pour-over vessel": 0.47721564769744873,
        "olive oil": 0.5399795174598694,
        "vegetable oil": 0.49622786045074463,
        "toaster": 0.5776911377906799,
        "cookbooks": 0.4772358238697052,
        "dish soap": 0.5567023754119873,
        "plates": 0.5854606032371521,
        "sink": 0.5912193655967712,
        "faucet": 0.570869505405426,
        "copper-bottom pot": 0.4839320480823517,
        "utensils": 0.624382734298706,
        "knives": 0.5362127423286438,
        "spice rack": 0.5173243880271912,
        "coffee grinder": 0.5479233860969543,
        "flour": 0.509268581867218,
        "blue hydroflask": 0.5862239003181458,
        "pepper mill": 0.5522361993789673,
        "paper towel roll": 0.5626510381698608,
        "scrub brush": 0.4589453637599945,
        "power outlet": 0.6018502712249756,
        "person": 0.5522963404655457,
        "bicycle": 0.45785409212112427,
        "car": 0.545592725276947,
        "motorcycle": 0.49406081438064575,
        "airplane": 0.5491673946380615,
        "bus": 0.5765444040298462,
        "train": 0.5729100108146667,
        "truck": 0.550983726978302,
        "boat": 0.5965908169746399,
        "traffic light": 0.5057750940322876,
        "fire hydrant": 0.5165396332740784,
        "street sign": 0.6084597110748291,
        "stop sign": 0.48835134506225586,
        "parking meter": 0.6333553791046143,
        "bench": 0.5719704627990723,
        "bird": 0.5802040696144104,
        "cat": 0.5995139479637146,
        "dog": 0.5705206990242004,
        "horse": 0.47455084323883057,
        "cow": 0.5354854464530945,
        "zebra": 0.5002273917198181,
        "giraffe": 0.4622862935066223,
        "hat": 0.49225983023643494,
        "backpack": 0.5443103909492493,
        "umbrella": 0.5283475518226624,
        "shoe": 0.40095922350883484,
        "eye glasses": 0.41331344842910767,
        "handbag": 0.5654382109642029,
        "tie": 0.5257946848869324,
        "suitcase": 0.562430739402771,
        "frisbee": 0.530746340751648,
        "skis": 0.5397595167160034,
        "snowboard": 0.5262532830238342,
        "sports ball": 0.4816128611564636,
        "kite": 0.5573743581771851,
        "baseball bat": 0.5453693270683289,
        "baseball glove": 0.4271635413169861,
        "skateboard": 0.5200989246368408,
        "surfboard": 0.56473708152771,
        "tennis racket": 0.4806588888168335,
        "bottle": 0.5318707227706909,
        "plate": 0.5592222213745117,
        "wine glass": 0.47297045588493347,
        "cup": 0.5831032395362854,
        "fork": 0.5343596339225769,
        "knife": 0.5609317421913147,
        "spoon": 0.5754770040512085,
        "bowl": 0.546855628490448,
        "banana": 0.5585553050041199,
        "sandwich": 0.4745289981365204,
        "orange": 0.511594295501709,
        "broccoli": 0.514051079750061,
        "carrot": 0.5194610357284546,
        "hot dog": 0.5667100548744202,
        "pizza": 0.46897071599960327,
        "donut": 0.5451880097389221,
        "cake": 0.5200375318527222,
        "chair": 0.655954122543335,
        "couch": 0.5474337935447693,
        "potted plant": 0.4594782888889313,
        "bed": 0.4790334403514862,
        "mirror": 0.6246041059494019,
        "dining table": 0.5991581082344055,
        "window": 0.7287712693214417,
        "desk": 0.6782129406929016,
        "toilet": 0.5664150714874268,
        "door": 0.6439269185066223,
        "tv": 0.5851610898971558,
        "mouse": 0.6278740167617798,
        "remote": 0.5444231629371643,
        "keyboard": 0.4746119976043701,
        "cell phone": 0.4797098636627197,
        "microwave": 0.5320006608963013,
        "oven": 0.5313788056373596,
        "refrigerator": 0.5541835427284241,
        "blender": 0.5796640515327454,
        "book": 0.5642081499099731,
        "clock": 0.48048701882362366,
        "scissors": 0.4952409565448761,
        "teddy bear": 0.5937284231185913,
        "hair drier": 0.6037043929100037,
        "toothbrush": 0.5437795519828796,
        "hair brush": 0.4574708342552185
    },
    "lerf": {
        "jake": 0.6242752075195312,
        "miffy": 0.7234343886375427,
        "rabbit": 0.7130250930786133,
        "bunny": 0.7603033781051636,
        "old camera": 0.7201570272445679,
        "toy elephant": 0.7257020473480225,
        "twizzlers": 0.8403472900390625,
        "quilted pumpkin": 0.7125905752182007,
        "tesla door handle": 0.7552157044410706,
        "porcelain hand": 0.8170755505561829,
        "rubics cube": 0.77476567029953,
        "rubber duck": 0.8036356568336487,
        "apple": 0.5768692493438721,
        "ice cream cone": 0.6857565641403198,
        "pink ice cream": 0.8015481233596802,
        "toy cat statue": 0.6408590078353882,
        "toy chair": 0.7836607694625854,
        "waldo": 0.7593050599098206,
        "spatula": 0.6445064544677734,
        "pikachu": 0.662171483039856,
        "big white crinkly flower": 0.5111836194992065,
        "bouquet": 0.4957561790943146,
        "carnation": 0.5404084920883179,
        "daisy": 0.6059160232543945,
        "eucalyptus": 0.5656010508537292,
        "lily": 0.565201461315155,
        "rosemary": 0.5863896012306213,
        "small white flowers": 0.6155171990394592,
        "table": 0.71895432472229,
        "vase": 0.5359448194503784,