{
    "0.5": 0.5292706346546453,
    "0.55": 0.5136229808855626,
    "0.6": 0.5619977817790403,
    "0.65": 0.5333846835551168,
    "0.7": 0.5315672749596126,
    "0.75": 0.39823435097178045,
    "0.8": 0,
    "0.85": 0,
    "0.9": 0,
    "0.95": 0,
    "1.0": 0,
    "max": 0.5780526079759737
}