{
    "ours": {
        "stuffed bear": 0.7692403197288513,
        "sheep": 0.6780367493629456,
        "bear nose": 0.7112492322921753,
        "coffee mug": 0.7020907402038574,
        "spill": 0.637010395526886,
        "tea in a glass": 0.7751099467277527,
        "cookies on a plate": 0.8087028861045837,
        "bag of cookies": 0.8140353560447693,
        "dall-e": 0.8260341286659241,
        "hooves": 0.6618418097496033,
        "coffee": 0.7187874913215637,
        "yellow pouf": 0.7202844619750977,
        "spoon handle": 0.6484268307685852,
        "paper napkin": 0.664002001285553,
        "plate": 0.5980544090270996,
        "big white crinkly flower": 0.5744985938072205,
        "bouquet": 0.3941037952899933,
        "carnation": 0.4933791756629944,
        "daisy": 0.6804835796356201,
        "eucalyptus": 0.4894571006298065,
        "lily": 0.5751653909683228,
        "rosemary": 0.46630650758743286,
        "small white flowers": 0.4592057168483734,
        "flowers": 0.3855988085269928,
        "pink flowers": 0.3089562654495239,
        "jake": 0.585498034954071,
        "miffy": 0.64570552110672,
        "rabbit": 0.7002466917037964,
        "bunny": 0.732032299041748,
        "old camera": 0.4355526268482208,
        "toy elephant": 0.5495222806930542,
        "twizzlers": 0.47785550355911255,
        "waldo": 0.5001227855682373,
        "quilted pumpkin": 0.4809551537036896,
        "tomato": 0.6207522749900818,
        "tesla door handle": 0.5743000507354736,
        "porcelain hand": 0.5520491600036621,
        "rubics cube": 0.43774667382240295,
        "rubber duck": 0.5845932364463806,
        "ice cream cone": 0.5476667881011963,
        "pink ice cream": 0.37794801592826843,
        "toy cat statue": 0.6040219068527222,
        "toy chair": 0.6887158155441284,
        "spatula": 0.6052711606025696,
        "pikachu": 0.49821144342422485,
        "wood": 0.6392870545387268,
        "bag of food": 0.7177600264549255,
        "hand sanitizer": 0.5469073057174683,
        "airpods case": 0.5172641277313232,
        "usb cable": 0.48744186758995056,
        "brown paper napkins": 0.6909528374671936,
        "transparent tupperware": 0.5910210013389587,
        "colorful coaster": 0.5357140302658081,
        "business cards": 0.49718621373176575,
        "packing tape": 0.6088913083076477,
        "hardware clamps": 0.5494458079338074,
        "iphone": 0.4866286814212799,
        "laptop": 0.5520521402359009,
        "cooking tongs": 0.600165069103241,
        "mug": 0.6940413117408752,
        "drinking straw": 0.6067203879356384,
        "red mug": 0.541676938533783,
        "pour-over vessel": 0.6294349431991577,
        "olive oil": 0.5927610397338867,
        "vegetable oil": 0.5522107481956482,
        "toaster": 0.5317405462265015,
        "cookbooks": 0.5409879684448242,
        "dish soap": 0.6274644732475281,
        "plates": 0.6269039511680603,
        "sink": 0.5825626254081726,
        "faucet": 0.5248914361000061,
        "copper-bottom pot": 0.483814537525177,
        "utensils": 0.5656238794326782,
        "knives": 0.4991655945777893,
        "spice rack": 0.49142467975616455,
        "coffee grinder": 0.5988196134567261,
        "flour": 0.5856292843818665,
        "blue hydroflask": 0.5844506025314331,
        "pepper mill": 0.5381229519844055,
        "paper towel roll": 0.6327359080314636,
        "scrub brush": 0.556240975856781,
        "power outlet": 0.5550673604011536
    },
    "lerf": {
        "stuffed bear": 0.8581433892250061,
        "sheep": 0.7194234132766724,
        "bear nose": 0.7857531309127808,
        "coffee mug": 0.8053621649742126,
        "spill": 0.6562785506248474,
        "tea in a glass": 0.8697682619094849,
        "cookies on a plate": 0.8211814165115356,
        "bag of cookies": 0.8678417801856995,
        "dall-e": 0.8419048190116882,
        "hooves": 0.6868904232978821,
        "coffee": 0.7695819735527039,
        "yellow pouf": 0.7358049154281616,
        "spoon handle": 0.7041527628898621,
        "paper napkin": 0.7124891877174377,
        "plate": 0.6196426153182983,
        "big white crinkly flower": 0.7157256603240967,
        "bouquet": 0.5515069365501404,
        "carnation": 0.5109683275222778,
        "daisy": 0.6972638964653015,
        "eucalyptus": 0.5104693174362183,
        "lily": 0.5901134610176086,
        "rosemary": 0.5244815945625305,
        "small white flowers": 0.5877857804298401,
        "flowers": 0.465945839881897,
        "pink flowers": 0.5379798412322998,
        "jake": 0.5978522896766663,
        "miffy": 0.7227761149406433,
        "rabbit": 0.7211288809776306,
        "bunny": 0.7537108659744263,
        "old camera": 0.5693405866622925,
        "toy elephant": 0.6898174285888672,
        "twizzlers": 0.527054488658905,
        "waldo": 0.517068088054657,
        "quilted pumpkin": 0.676095724105835,
        "tomato": 0.654338538646698,
        "tesla door handle": 0.6133893728256226,
        "porcelain hand": 0.7772859334945679,
        "rubics cube": 0.4559824466705322,
        "rubber duck": 0.6614308953285217,
        "ice cream cone": 0.6733750700950623,
        "pink ice cream": 0.6337219476699829,
        "toy cat statue": 0.7545515894889832,
        "toy chair": 0.7621293067932129,
        "spatula": 0.6411958932876587,
        "pikachu": 0.5196084976196289,
        "wood": 0.6607356667518616,
        "bag of food": 0.8029388189315796,
        "hand sanitizer": 0.5874248743057251,
        "airpods case": 0.6418912410736084,
        "usb cable": 0.5155861973762512,
        "brown paper napkins": 0.7419080138206482,
        "transparent tupperware": 0.6443919539451599,
        "colorful coaster": 0.5859025120735168,
        "business cards": 0.546072781085968,
        "packing tape": 0.6931513547897339,
        "hardware clamps": 0.5730965733528137,
        "iphone": 0.5134199857711792,
        "laptop": 0.5727007389068604,
        "cooking tongs": 0.6488882303237915,
        "mug": 0.7583401799201965,
        "drinking straw": 0.6579334735870361,
        "red mug": 0.6298223733901978,
        "pour-over vessel": 0.7657212018966675,
        "olive oil": 0.6571906805038452,
        "vegetable oil": 0.6374558806419373,
        "toaster": 0.5776854753494263,
        "cookbooks": 0.5797592401504517,
        "dish soap": 0.6585714817047119,
        "plates": 0.651035726070404,
        "sink": 0.6111764311790466,
        "faucet": 0.5650508403778076,
        "copper-bottom pot": 0.5570367574691772,
        "utensils": 0.591087818145752,
        "knives": 0.5538150072097778,
        "spice rack": 0.5444547533988953,
        "coffee grinder": 0.6609574556350708,
        "flour": 0.6078318357467651,
        "blue hydroflask": 0.705643355846405,
        "pepper mill": 0.5716961026191711,
        "paper towel roll": 0.6709861159324646,
        "scrub brush": 0.6025551557540894,
        "power outlet": 0.5820751190185547
    }
}