{
    "0.5": 0.4735636363645109,
    "0.55": 0.5203890824381966,
    "0.6": 0.5832501712104531,
    "0.65": 0.5835925595525819,
    "0.7": 0.5771944060128366,
    "0.75": 0.5244229771139521,
    "0.8": 0.4982496948498103,
    "0.85": 0,
    "0.9": 0,
    "0.95": 0,
    "1.0": 0,
    "max": 0.6282651593890523
}