{
    "0.5": 0.4594771746953546,
    "0.55": 0.4574771396497529,
    "0.6": 0.49998687547392784,
    "0.65": 0.5421693566110815,
    "0.7": 0.5853286922018821,
    "0.75": 0.6244352779147261,
    "0.8": 0.680287836498701,
    "0.85": 0,
    "0.9": 0,
    "0.95": 0,
    "1.0": 0,
    "max": 0.5692316113587627
}