{
    "ours": {
        "red mug": 0.800675630569458,
        "pour-over vessel": 0.669186532497406,
        "olive oil": 0.791521430015564,
        "vegetable oil": 0.7235644459724426,
        "cookbooks": 0.7517372965812683,
        "waldo": 0.7407119870185852,
        "dish soap": 0.7787138819694519,
        "plates": 0.7041811943054199,
        "sink": 0.7970054149627686,
        "faucet": 0.7280303835868835,
        "copper-bottom pot": 0.5352619290351868,
        "utensils": 0.7423732876777649,
        "knives": 0.7962161302566528,
        "spice rack": 0.8353293538093567,
        "coffee grinder": 0.7568384408950806,
        "flour": 0.660660445690155,
        "blue hydroflask": 0.6320505738258362,
        "pepper mill": 0.6850953698158264,
        "paper towel roll": 0.7325423359870911,
        "scrub brush": 0.6965942978858948,
        "power outlet": 0.7849236130714417,
        "cooking tongs": 0.7037461400032043,
        "transparent tupperware": 0.6908287405967712,
        "big white crinkly flower": 0.4348902702331543,
        "bouquet": 0.41533565521240234,
        "carnation": 0.5190678834915161,
        "daisy": 0.5304110050201416,
        "eucalyptus": 0.4996744394302368,
        "lily": 0.49117207527160645,
        "rosemary": 0.5337502360343933,
        "small white flowers": 0.4833615720272064,
        "table": 0.6122833490371704,
        "vase": 0.5398027896881104,
        "flowers": 0.4177067279815674,
        "pink flowers": 0.35407355427742004,
        "jake": 0.5764161944389343,
        "miffy": 0.4769984781742096,
        "rabbit": 0.5431337952613831,
        "bunny": 0.5328662991523743,
        "old camera": 0.4577673673629761,
        "toy elephant": 0.41732752323150635,
        "twizzlers": 0.5472995042800903,
        "quilted pumpkin": 0.5152255892753601,
        "tomato": 0.5576107501983643,
        "tesla door handle": 0.6654706001281738,
        "porcelain hand": 0.5515546798706055,
        "rubics cube": 0.4877395033836365,
        "rubber duck": 0.5347561836242676,
        "apple": 0.5095961689949036,
        "ice cream cone": 0.5079760551452637,
        "pink ice cream": 0.41442182660102844,
        "toy cat statue": 0.536719024181366,
        "toy chair": 0.5361509323120117,
        "spatula": 0.6846096515655518,
        "pikachu": 0.5217708945274353,
        "bear": 0.5282376408576965,
        "sheep": 0.4930257797241211,
        "bear nose": 0.5398812294006348,
        "coffee mug": 0.7669825553894043,
        "spill": 0.6365641355514526,
        "tea in a glass": 0.588856041431427,
        "cookies on a plate": 0.45783761143684387,
        "bag of cookies": 0.5581042170524597,
        "dall-e": 0.5323683619499207,
        "hooves": 0.5569409132003784,
        "coffee": 0.7098357081413269,
        "yellow pouf": 0.5886968970298767,
        "spoon handle": 0.7295171022415161,
        "paper napkin": 0.5033643245697021,
        "plate": 0.6991100311279297,
        "wood texture": 0.529168426990509,
        "red bag of food": 0.5636985301971436,
        "hand sanitizer bottle": 0.7217580080032349,
        "airpods case": 0.48010051250457764,
        "usb cable": 0.5376913547515869,
        "brown paper napkins": 0.5505111813545227,
        "colorful coaster": 0.5136677622795105,
        "packing tape roll": 0.6176537275314331,
        "hardware clamps": 0.6166214942932129,
        "iphone": 0.49322131276130676,
        "laptop": 0.5735646486282349,
        "metal cooking tongs": 0.6807434558868408,
        "mug": 0.7631531357765198,
        "drinking straw": 0.6562840938568115,
        "person": 0.5863249897956848,
        "bicycle": 0.46799013018608093,
        "car": 0.5572645664215088,
        "motorcycle": 0.5206860303878784,
        "airplane": 0.5408573150634766,
        "bus": 0.5625654458999634,
        "train": 0.577225387096405,
        "truck": 0.5269520878791809,
        "boat": 0.6478195786476135,
        "traffic light": 0.4645155370235443,
        "fire hydrant": 0.5324129462242126,
        "street sign": 0.5002769231796265,
        "stop sign": 0.5107933282852173,
        "parking meter": 0.5598825812339783,
        "bench": 0.5357984304428101,
        "bird": 0.571732759475708,
        "cat": 0.5972101092338562,
        "dog": 0.5899057984352112,
        "horse": 0.47632545232772827,
        "cow": 0.4713473320007324,
        "zebra": 0.4868820905685425,
        "giraffe": 0.4501137137413025,
        "hat": 0.501887857913971,
        "backpack": 0.483724981546402,
        "umbrella": 0.47968071699142456,
        "shoe": 0.45355185866355896,
        "eye glasses": 0.39485830068588257,
        "handbag": 0.5249044895172119,
        "tie": 0.5055447816848755,
        "suitcase": 0.5288263559341431,
        "frisbee": 0.6005129814147949,
        "skis": 0.6075661182403564,
        "snowboard": 0.5141483545303345,
        "sports ball": 0.4537258744239807,
        "kite": 0.5159760117530823,
        "baseball bat": 0.568594753742218,
        "baseball glove": 0.4741147756576538,
        "skateboard": 0.5630166530609131,
        "surfboard": 0.5525832176208496,
        "tennis racket": 0.5407624840736389,
        "bottle": 0.7114668488502502,
        "wine glass": 0.5739783048629761,
        "cup": 0.7701752185821533,
        "fork": 0.6028740406036377,
        "knife": 0.7162471413612366,
        "spoon": 0.658206045627594,
        "bowl": 0.68539959192276,
        "banana": 0.5485638976097107,
        "sandwich": 0.47044047713279724,
        "orange": 0.4904385507106781,
        "broccoli": 0.4759938418865204,
        "carrot": 0.4573523700237274,
        "hot dog": 0.5331233739852905,
        "pizza": 0.4705788195133209,
        "donut": 0.5117959976196289,
        "cake": 0.5099645853042603,
        "chair": 0.5855600237846375,
        "couch": 0.5904590487480164,
        "potted plant": 0.45470693707466125,
        "bed": 0.5742292404174805,
        "mirror": 0.5686132907867432,
        "dining table": 0.5225095152854919,
        "window": 0.5343472361564636,
        "desk": 0.6378046274185181,
        "toilet": 0.676040530204773,
        "door": 0.6162883639335632,
        "tv": 0.6185967922210693,
        "mouse": 0.5546778440475464,
        "remote": 0.5154498815536499,
        "keyboard": 0.5139551758766174,
        "cell phone": 0.4830658733844757,
        "microwave": 0.6492114067077637,
        "oven": 0.6759820580482483,
        "toaster": 0.712801992893219,
        "refrigerator": 0.7610707879066467,
        "blender": 0.6253983378410339,
        "book": 0.6979108452796936,
        "clock": 0.4977927505970001,
        "scissors": 0.5956204533576965,
        "teddy bear": 0.4526926875114441,
        "hair drier": 0.6501352787017822,
        "toothbrush": 0.7241859436035156,
        "hair brush": 0.5279472470283508
    },
    "lerf": {
        "red mug": 0.8527785539627075,
        "pour-over vessel": 0.6982603073120117,
        "olive oil": 0.8123198747634888,
        "vegetable oil": 0.7776356339454651,
        "cookbooks": 0.7854293584823608,
        "waldo": 0.7748699188232422,
        "dish soap": 0.8053164482116699,
        "plates": 0.7173768877983093,
        "sink": 0.8016432523727417,
        "faucet": 0.7402818202972412,
        "copper-bottom pot": 0.595171332359314,
        "utensils": 0.7730090618133545,
        "knives": 0.8289122581481934,
        "spice rack": 0.8509690761566162,
        "coffee grinder": 0.7875565886497498,
        "flour": 0.6894802451133728,
        "blue hydroflask": 0.6735830307006836,
        "pepper mill": 0.7192059755325317,
        "paper towel roll": 0.7645201683044434,
        "scrub brush": 0.7139342427253723,
        "power outlet": 0.8140242099761963,
        "cooking tongs": 0.7497755289077759,
        "transparent tupperware": 0.7224950790405273,
        "big white crinkly flower": 0.46182721853256226,
        "bouquet": 0.43952593207359314,
        "carnation": 0.5701979398727417,
        "daisy": 0.5396998524665833,