{
    "clip": {
        "0.0": 0.9978549716373285,
        "random": 0.9146899134334591,
        "0.0517241396009922": 0.9956261267264684,
        "0.1034482792019844": 0.994371942554911,
        "0.1551724225282669": 0.9941775451103846,
        "0.2068965584039688": 0.9945013405134281,
        "0.2586207091808319": 0.9949471857398748,
        "0.3103448450565338": 0.9954342295726141,
        "0.3620689809322357": 0.9959237097452084,
        "0.4137931168079376": 0.9964418541640043,
        "0.4655172526836395": 0.9969196400294701,
        "0.5172414183616638": 0.9973160568624735,
        "0.5689655542373657": 0.9976310860365629,
        "0.6206896901130676": 0.9978839630881945,
        "0.6724138259887695": 0.9980788926283518,
        "0.7241379618644714": 0.9982276105632385,
        "0.7758620381355286": 0.9983482540895542,
        "0.8275861740112305": 0.998446381961306,
        "0.8793103098869324": 0.9985284438977639,
        "0.9310344457626343": 0.9985995168487231,
        "0.9827585816383362": 0.998661964510878,
        "1.034482717514038": 0.9987170621752739,
        "1.0862069129943848": 0.998767169813315,
        "1.137930989265442": 0.9988122495512167,
        "1.1896551847457886": 0.9988529620071253,
        "1.2413792610168457": 0.9988933491210142,
        "1.2931034564971924": 0.998928335805734,
        "1.3448275327682495": 0.9989609308540821,
        "1.3965517282485962": 0.9989928404490153,
        "1.4482758045196533": 0.9990197271108627,
        "1.5": 0.9990427332619826,
        "scale_mean": 0.9948902577375426
    },
    "dino": {
        "dino": 0.8812932310005029,
        "random": 0.2629950606885056
    }
}