{
    "clip": {
        "0.0": 0.9969901350828317,
        "random": 0.8785302470891904,
        "0.0517241396009922": 0.9951804968026968,
        "0.1034482792019844": 0.9939737297021426,
        "0.1551724225282669": 0.9934972570492671,
        "0.2068965584039688": 0.9933203229537377,
        "0.2586207091808319": 0.9932150267637693,
        "0.3103448450565338": 0.9931460916996002,
        "0.3620689809322357": 0.9931133160224328,
        "0.4137931168079376": 0.9931030090038593,
        "0.4655172526836395": 0.9931384347952329,
        "0.5172414183616638": 0.9931843120318192,
        "0.5689655542373657": 0.9932428025282346,
        "0.6206896901130676": 0.9933247084801013,
        "0.6724138259887695": 0.9934132511799152,
        "0.7241379618644714": 0.9935342921660497,
        "0.7758620381355286": 0.9936339236222781,
        "0.8275861740112305": 0.9937195456944979,
        "0.8793103098869324": 0.9937856930952805,
        "0.9310344457626343": 0.9938600017474248,
        "0.9827585816383362": 0.9939532211193671,
        "1.034482717514038": 0.9940736133318681,
        "1.0862069129943848": 0.9942014194451846,
        "1.137930989265442": 0.9943294456371894,
        "1.1896551847457886": 0.9944543380003709,
        "1.2413792610168457": 0.9945719333795401,
        "1.2931034564971924": 0.9946887974555676,
        "1.3448275327682495": 0.9947992196449866,
        "1.3965517282485962": 0.9949069504554455,
        "1.4482758045196533": 0.9950059652328491,
        "1.5": 0.995098182788262,
        "scale_mean": 0.9902899898064832
    },
    "dino": {
        "dino": 0.9404545632692484,
        "random": 0.4661686042180428
    }
}