{
    "clip": {
        "0.0": 0.9976567659113142,
        "random": 0.8566834135187997,
        "0.0517241396009922": 0.9966140753693051,
        "0.1034482792019844": 0.9957218666871389,
        "0.1551724225282669": 0.9952563080522749,
        "0.2068965584039688": 0.9950051075882382,
        "0.2586207091808319": 0.9948641426033444,
        "0.3103448450565338": 0.9947873519526588,
        "0.3620689809322357": 0.9947865340444777,
        "0.4137931168079376": 0.9948218829101987,
        "0.4655172526836395": 0.9948528740141127,
        "0.5172414183616638": 0.9948819677035013,
        "0.5689655542373657": 0.9949145085281796,
        "0.6206896901130676": 0.9949237240685357,
        "0.6724138259887695": 0.9949130250347985,
        "0.7241379618644714": 0.9949295752578311,
        "0.7758620381355286": 0.9949361317687564,
        "0.8275861740112305": 0.9949678546852536,
        "0.8793103098869324": 0.9949797557459937,
        "0.9310344457626343": 0.9949944118658701,
        "0.9827585816383362": 0.9950139423211416,
        "1.034482717514038": 0.9950290123621622,
        "1.0862069129943848": 0.9950584636794196,
        "1.137930989265442": 0.9950824677944183,
        "1.1896551847457886": 0.9951075911521912,
        "1.2413792610168457": 0.9951614307032691,
        "1.2931034564971924": 0.9952068196402656,
        "1.3448275327682495": 0.9952605697843764,
        "1.3965517282485962": 0.9953211380375756,
        "1.4482758045196533": 0.9953880674309201,
        "1.5": 0.9954441322220696,
        "scale_mean": 0.9907279004012385
    },
    "dino": {
        "dino": 0.9170198738574982,
        "random": 0.3695010079277886
    }
}