{
    "clip": {
        "0.0": 0.9962244185190352,
        "random": 0.9478665868441264,
        "0.0517241396009922": 0.9880127850032988,
        "0.1034482792019844": 0.9794205502858238,
        "0.1551724225282669": 0.9775769625391278,
        "0.2068965584039688": 0.9794546110289437,
        "0.2586207091808319": 0.9822027285893759,
        "0.3103448450565338": 0.9845982950831217,
        "0.3620689809322357": 0.9863264163335165,
        "0.4137931168079376": 0.9875603838572427,
        "0.4655172526836395": 0.988467536275349,
        "0.5172414183616638": 0.9891779697130597,
        "0.5689655542373657": 0.9898184301361205,
        "0.6206896901130676": 0.9903965847832816,
        "0.6724138259887695": 0.990912413786328,
        "0.7241379618644714": 0.9913759496476915,
        "0.7758620381355286": 0.9918259041649955,
        "0.8275861740112305": 0.992263791106996,
        "0.8793103098869324": 0.9926675955454508,
        "0.9310344457626343": 0.9930541458584013,
        "0.9827585816383362": 0.9934099505818079,
        "1.034482717514038": 0.9937338157305642,
        "1.0862069129943848": 0.9940329118380471,
        "1.137930989265442": 0.994313635523357,
        "1.1896551847457886": 0.9945701076870873,
        "1.2413792610168457": 0.9948117761384874,
        "1.2931034564971924": 0.9950302517603314,
        "1.3448275327682495": 0.9952338839334155,
        "1.3965517282485962": 0.9954256462672401,
        "1.4482758045196533": 0.9956020069500756,
        "1.5": 0.9957655677719722,
        "scale_mean": 0.9890688262349572
    },
    "dino": {
        "dino": 0.8645492309615725,
        "random": 0.7109452348852915
    }
}