{
    "clip": {
        "0.0": 0.9980480806394056,
        "random": 0.926805710160371,
        "0.0517241396009922": 0.9958017441359434,
        "0.1034482792019844": 0.9952851046215404,
        "0.1551724225282669": 0.9955845366824757,
        "0.2068965584039688": 0.9959983839230104,
        "0.2586207091808319": 0.9963622865351763,
        "0.3103448450565338": 0.9966986558654092,
        "0.3620689809322357": 0.9969986460425637,
        "0.4137931168079376": 0.9972669319673018,
        "0.4655172526836395": 0.9975050809708509,
        "0.5172414183616638": 0.9977093542164023,
        "0.5689655542373657": 0.9978920709003102,
        "0.6206896901130676": 0.9980425333434885,
        "0.6724138259887695": 0.9981769716197794,
        "0.7241379618644714": 0.9982930394736204,
        "0.7758620381355286": 0.9984015456654809,
        "0.8275861740112305": 0.9985103349794041,
        "0.8793103098869324": 0.9986107092012059,
        "0.9310344457626343": 0.9987055550922047,
        "0.9827585816383362": 0.9987947507338091,
        "1.034482717514038": 0.9988760636611418,
        "1.0862069129943848": 0.9989493882114237,
        "1.137930989265442": 0.9990136352452365,
        "1.1896551847457886": 0.9990718784657392,
        "1.2413792610168457": 0.9991236979311163,
        "1.2931034564971924": 0.9991661770777269,
        "1.3448275327682495": 0.9992057708176699,
        "1.3965517282485962": 0.9992389570582997,
        "1.4482758045196533": 0.9992686902934854,
        "1.5": 0.9992956925522197,
        "scale_mean": 0.9957000638091553
    },
    "dino": {
        "dino": 0.9139811057936061,
        "random": 0.2657091383906928
    }
}