{
    "clip": {
        "0.0": 0.9977389895915985,
        "random": 0.8263237326939901,
        "0.0517241396009922": 0.9961913692951202,
        "0.1034482792019844": 0.9949160945415497,
        "0.1551724225282669": 0.9942830443382263,
        "0.2068965584039688": 0.9940340781211853,
        "0.2586207091808319": 0.9940540087223053,
        "0.3103448450565338": 0.9941689229011536,
        "0.3620689809322357": 0.9943034780025483,
        "0.4137931168079376": 0.9944000160694122,
        "0.4655172526836395": 0.9944669854640961,
        "0.5172414183616638": 0.9945283102989196,
        "0.5689655542373657": 0.9945983839035034,
        "0.6206896901130676": 0.9946778678894043,
        "0.6724138259887695": 0.994755482673645,
        "0.7241379618644714": 0.9948223459720612,
        "0.7758620381355286": 0.9948762035369874,
        "0.8275861740112305": 0.9949174618721008,
        "0.8793103098869324": 0.9949514198303223,
        "0.9310344457626343": 0.9949774098396301,
        "0.9827585816383362": 0.9949963629245758,
        "1.034482717514038": 0.9950153005123138,
        "1.0862069129943848": 0.9950249361991882,
        "1.137930989265442": 0.9950319957733155,
        "1.1896551847457886": 0.9950403702259064,
        "1.2413792610168457": 0.9950476002693176,
        "1.2931034564971924": 0.9950519931316376,
        "1.3448275327682495": 0.9950611972808838,
        "1.3965517282485962": 0.9950671541690826,
        "1.4482758045196533": 0.9950809252262115,
        "1.5": 0.9950886368751526,
        "scale_mean": 0.9894674863917853
    },
    "dino": {
        "dino": 0.9281766533851623,
        "random": 0.3506655484437943
    }
}