{
    "clip": {
        "0.0": 0.9966723918914795,
        "random": 0.9153746512201097,
        "0.0517241396009922": 0.9936800599098206,
        "0.1034482792019844": 0.9922952254613241,
        "0.1551724225282669": 0.9923761487007141,
        "0.2068965584039688": 0.9928557276725769,
        "0.2586207091808319": 0.9935408631960551,
        "0.3103448450565338": 0.9942492842674255,
        "0.3620689809322357": 0.9948514302571615,
        "0.4137931168079376": 0.9953647454579672,
        "0.4655172526836395": 0.9958351651827494,
        "0.5172414183616638": 0.9962911804517111,
        "0.5689655542373657": 0.996640125910441,
        "0.6206896901130676": 0.9968874851862589,
        "0.6724138259887695": 0.9971312085787455,
        "0.7241379618644714": 0.9973494410514832,
        "0.7758620381355286": 0.9975095589955648,
        "0.8275861740112305": 0.9976624647776285,
        "0.8793103098869324": 0.997788667678833,
        "0.9310344457626343": 0.997922937075297,
        "0.9827585816383362": 0.9980654120445251,
        "1.034482717514038": 0.9981593688329061,
        "1.0862069129943848": 0.9982515573501587,
        "1.137930989265442": 0.998324473698934,
        "1.1896551847457886": 0.998400072256724,
        "1.2413792610168457": 0.9984685182571411,
        "1.2931034564971924": 0.9985207716623942,
        "1.3448275327682495": 0.9985705614089966,
        "1.3965517282485962": 0.9986292521158854,
        "1.4482758045196533": 0.9986810882886251,
        "1.5": 0.9987321098645529,
        "scale_mean": 0.9940349015711029
    },
    "dino": {
        "dino": 0.8618736664454142,
        "random": 0.189909299214681
    }
}