{
    "clip": {
        "0.0": 0.9981156218619573,
        "random": 0.861240171629285,
        "0.0517241396009922": 0.9976295772052947,
        "0.1034482792019844": 0.9970249874251229,
        "0.1551724225282669": 0.9965825563385373,
        "0.2068965584039688": 0.996219121274494,
        "0.2586207091808319": 0.9960094690322876,
        "0.3103448450565338": 0.9958930895442054,
        "0.3620689809322357": 0.9958409496716091,
        "0.4137931168079376": 0.9958235309237525,
        "0.4655172526836395": 0.9958040827796573,
        "0.5172414183616638": 0.9958290003594898,
        "0.5689655542373657": 0.995840311050415,
        "0.6206896901130676": 0.99583899974823,
        "0.6724138259887695": 0.9958527485529581,
        "0.7241379618644714": 0.9958649249303908,
        "0.7758620381355286": 0.9958739309083848,
        "0.8275861740112305": 0.9958861158007667,
        "0.8793103098869324": 0.9959122907547724,
        "0.9310344457626343": 0.9959316991624378,
        "0.9827585816383362": 0.9959676861763,
        "1.034482717514038": 0.9960147483008248,
        "1.0862069129943848": 0.9960666071800959,
        "1.137930989265442": 0.9961239071119399,
        "1.1896551847457886": 0.9961777925491333,
        "1.2413792610168457": 0.9962247922306969,
        "1.2931034564971924": 0.9962762565839858,
        "1.3448275327682495": 0.9963161264147077,
        "1.3965517282485962": 0.9963675084568205,
        "1.4482758045196533": 0.9964164637383961,
        "1.5": 0.9964623962129865,
        "scale_mean": 0.9918524988358045
    },
    "dino": {
        "dino": 0.9418196252414158,
        "random": 0.4327021759180796
    }
}