{"clip": {"book_store": 0.9401038907811695, "bouquet": 0.9200623203650832, "donuts": 0.935303373974946, "dozer_nerfgun_waldo": 0.7903230749086056, "espresso": 0.9412531196044668, "figurines": 0.9393554814852343, "fruit_aisle": 0.9295116827888968, "hand_hand": 0.9412834300830325, "ramen": 0.9247325717650691, "shoe_rack": 0.9429076082081181, "sunnyside": 0.9366978287895779, "teatime": 0.9462099040589407, "veggie_aisle": 0.9450421764061006, "waldo_kitchen": 0.9450967636096332, "mean": 0.9269916590592056}, "dino": {"book_store": 0.8389335502820482, "bouquet": 0.8884564729589775, "donuts": 0.8683897560727614, "dozer_nerfgun_waldo": 0.5314010167427091, "espresso": 0.8828544672095324, "figurines": 0.8893892870727794, "fruit_aisle": 0.8294927550449804, "hand_hand": 0.8974429791745814, "ramen": 0.8750476425988328, "shoe_rack": 0.8880569660154235, "sunnyside": 0.863485252210481, "teatime": 0.8998111063942347, "veggie_aisle": 0.8507049713060314, "waldo_kitchen": 0.8724188127205244, "mean": 0.8482775025574212}}