{
    "clip": {
        "0.0": 0.9975085854530334,
        "random": 0.8812282845377922,
        "0.0517241396009922": 0.9953283965587616,
        "0.1034482792019844": 0.9937101006507874,
        "0.1551724225282669": 0.9929251223802567,
        "0.2068965584039688": 0.9925455451011658,
        "0.2586207091808319": 0.9925977140665054,
        "0.3103448450565338": 0.9926696568727493,
        "0.3620689809322357": 0.9929012805223465,
        "0.4137931168079376": 0.9930651783943176,
        "0.4655172526836395": 0.9932310581207275,
        "0.5172414183616638": 0.9934715628623962,
        "0.5689655542373657": 0.9937211722135544,
        "0.6206896901130676": 0.9939103126525879,
        "0.6724138259887695": 0.9941975176334381,
        "0.7241379618644714": 0.9943644255399704,
        "0.7758620381355286": 0.9945973455905914,
        "0.8275861740112305": 0.9947932660579681,
        "0.8793103098869324": 0.9949927181005478,
        "0.9310344457626343": 0.9951697736978531,
        "0.9827585816383362": 0.9953175783157349,
        "1.034482717514038": 0.9954761415719986,
        "1.0862069129943848": 0.9956180304288864,
        "1.137930989265442": 0.9957691878080368,
        "1.1896551847457886": 0.9959012120962143,
        "1.2413792610168457": 0.9960200041532516,
        "1.2931034564971924": 0.9961612969636917,
        "1.3448275327682495": 0.9962723851203918,
        "1.3965517282485962": 0.9963802546262741,
        "1.4482758045196533": 0.9964583367109299,
        "1.5": 0.9965676665306091,
        "scale_mean": 0.9910603584301086
    },
    "dino": {
        "dino": 0.9096769839525223,
        "random": 0.2771403603255749
    }
}