{
    "clip": {
        "0.0": 0.9976089239120484,
        "random": 0.8750049467086792,
        "0.0517241396009922": 0.9962124919891358,
        "0.1034482792019844": 0.9951972889900208,
        "0.1551724225282669": 0.9948325824737548,
        "0.2068965584039688": 0.9947807955741882,
        "0.2586207091808319": 0.9948536872863769,
        "0.3103448450565338": 0.9950008082389832,
        "0.3620689809322357": 0.99519868850708,
        "0.4137931168079376": 0.9954235935211182,
        "0.4655172526836395": 0.9956444334983826,
        "0.5172414183616638": 0.9958541631698609,
        "0.5689655542373657": 0.9960718631744385,
        "0.6206896901130676": 0.996283028125763,
        "0.6724138259887695": 0.9964842224121093,
        "0.7241379618644714": 0.9966864514350892,
        "0.7758620381355286": 0.9968896508216858,
        "0.8275861740112305": 0.9970756053924561,
        "0.8793103098869324": 0.9972489190101623,
        "0.9310344457626343": 0.9974116086959839,
        "0.9827585816383362": 0.9975636553764343,
        "1.034482717514038": 0.9977015948295593,
        "1.0862069129943848": 0.9978303050994873,
        "1.137930989265442": 0.9979459857940673,
        "1.1896551847457886": 0.9980419254302979,
        "1.2413792610168457": 0.9981379485130311,
        "1.2931034564971924": 0.9982211351394653,
        "1.3448275327682495": 0.9982958316802979,
        "1.3965517282485962": 0.998364908695221,
        "1.4482758045196533": 0.9984255051612854,
        "1.5": 0.9984831881523132,
        "scale_mean": 0.9928637334454448
    },
    "dino": {
        "dino": 0.9264348363876342,
        "random": 0.342833930850029
    }
}