{
    "clip": {
        "0.0": 0.9984561429734815,
        "random": 0.9396423935890198,
        "0.0517241396009922": 0.9962073920065897,
        "0.1034482792019844": 0.9955840461086809,
        "0.1551724225282669": 0.9956829683822498,
        "0.2068965584039688": 0.9960340104605022,
        "0.2586207091808319": 0.9964518730054822,
        "0.3103448450565338": 0.9968467098579072,
        "0.3620689809322357": 0.9971779098636225,
        "0.4137931168079376": 0.997440065731082,
        "0.4655172526836395": 0.9976605746829719,
        "0.5172414183616638": 0.9978510878588024,
        "0.5689655542373657": 0.9980259804349196,
        "0.6206896901130676": 0.9981839803227207,
        "0.6724138259887695": 0.9983243053419548,
        "0.7241379618644714": 0.9984454146602697,
        "0.7758620381355286": 0.9985462259827999,
        "0.8275861740112305": 0.9986323954766256,
        "0.8793103098869324": 0.998703947715592,
        "0.9310344457626343": 0.9987653546166002,
        "0.9827585816383362": 0.9988191096406234,
        "1.034482717514038": 0.99886568491919,
        "1.0862069129943848": 0.9989050658125627,
        "1.137930989265442": 0.9989415360124487,
        "1.1896551847457886": 0.998974178966723,
        "1.2413792610168457": 0.9990030082694271,
        "1.2931034564971924": 0.9990301879874447,
        "1.3448275327682495": 0.999055623485331,
        "1.3965517282485962": 0.9990782973013426,
        "1.4482758045196533": 0.9990996917088827,
        "1.5": 0.9991210432429063,
        "scale_mean": 0.9961792324651209
    },
    "dino": {
        "dino": 0.9252787985299763,
        "random": 0.45265106752253415
    }
}