{
    "clip": {
        "0.0": 0.9982279067238172,
        "random": 0.8539980522874329,
        "0.0517241396009922": 0.9971295446157455,
        "0.1034482792019844": 0.9963451077540716,
        "0.1551724225282669": 0.9961025280257066,
        "0.2068965584039688": 0.996128261089325,
        "0.2586207091808319": 0.9962654188275337,
        "0.3103448450565338": 0.9964088263610998,
        "0.3620689809322357": 0.9965247412522634,
        "0.4137931168079376": 0.9966028655568758,
        "0.4655172526836395": 0.9966586492955685,
        "0.5172414183616638": 0.9966811612248421,
        "0.5689655542373657": 0.9966894760727882,
        "0.6206896901130676": 0.9966978989541531,
        "0.6724138259887695": 0.996701817959547,
        "0.7241379618644714": 0.9967091232538223,
        "0.7758620381355286": 0.9967112007240454,
        "0.8275861740112305": 0.9967178603013357,
        "0.8793103098869324": 0.9967276938259602,
        "0.9310344457626343": 0.9967436281343302,
        "0.9827585816383362": 0.9967696207265059,
        "1.034482717514038": 0.9967989698052406,
        "1.0862069129943848": 0.9968249586721262,
        "1.137930989265442": 0.9968478331963221,
        "1.1896551847457886": 0.9968708703915278,
        "1.2413792610168457": 0.9968925255040327,
        "1.2931034564971924": 0.9969108117123445,
        "1.3448275327682495": 0.996933825314045,
        "1.3965517282485962": 0.9969515477617582,
        "1.4482758045196533": 0.9969737331072489,
        "1.5": 0.9969963195423285,
        "scale_mean": 0.9921465412249595
    },
    "dino": {
        "dino": 0.9314883202314377,
        "random": 0.3161749041949709
    }
}