{
    "clip": {
        "0.0": 0.9979324460029602,
        "random": 0.9112237584094206,
        "0.0517241396009922": 0.9956373527646065,
        "0.1034482792019844": 0.9951713651418685,
        "0.1551724225282669": 0.9954805418848991,
        "0.2068965584039688": 0.9959839791059494,
        "0.2586207091808319": 0.9964406117796898,
        "0.3103448450565338": 0.9968158662319183,
        "0.3620689809322357": 0.9970961049199104,
        "0.4137931168079376": 0.9973291784524918,
        "0.4655172526836395": 0.997533705830574,
        "0.5172414183616638": 0.9977227136492729,
        "0.5689655542373657": 0.9979002416133881,
        "0.6206896901130676": 0.9980637460947037,
        "0.6724138259887695": 0.9982089921832085,
        "0.7241379618644714": 0.998324467241764,
        "0.7758620381355286": 0.9984211027622223,
        "0.8275861740112305": 0.9985050961375237,
        "0.8793103098869324": 0.9985738381743431,
        "0.9310344457626343": 0.9986380651593209,
        "0.9827585816383362": 0.9986951068043709,
        "1.034482717514038": 0.9987485244870186,
        "1.0862069129943848": 0.9987899854779243,
        "1.137930989265442": 0.9988309010863304,
        "1.1896551847457886": 0.998863984644413,
        "1.2413792610168457": 0.9988987550139428,
        "1.2931034564971924": 0.998928590118885,
        "1.3448275327682495": 0.9989584133028984,
        "1.3965517282485962": 0.9989850923418999,
        "1.4482758045196533": 0.9990125522017479,
        "1.5": 0.9990375012159347,
        "scale_mean": 0.9951210509753355
    },
    "dino": {
        "dino": 0.8812022268772125,
        "random": 0.20427509099245073
    }
}