{
    "clip": {
        "0.0": 0.9979757748398126,
        "random": 0.9002913800329944,
        "0.0517241396009922": 0.996818908289367,
        "0.1034482792019844": 0.9958260293100395,
        "0.1551724225282669": 0.9954032465523365,
        "0.2068965584039688": 0.9953687471501967,
        "0.2586207091808319": 0.9955374399820963,
        "0.3103448450565338": 0.9957804773368087,
        "0.3620689809322357": 0.9960631097064299,
        "0.4137931168079376": 0.9963615267884498,
        "0.4655172526836395": 0.9966682908581752,
        "0.5172414183616638": 0.9969604284155602,
        "0.5689655542373657": 0.9972260676178277,
        "0.6206896901130676": 0.9974714938332053,
        "0.6724138259887695": 0.9976966509632036,
        "0.7241379618644714": 0.9978932761678508,
        "0.7758620381355286": 0.9980652788106132,
        "0.8275861740112305": 0.9982132526005015,
        "0.8793103098869324": 0.9983411816989675,
        "0.9310344457626343": 0.9984556296292473,
        "0.9827585816383362": 0.9985594527394164,
        "1.034482717514038": 0.9986479621307522,
        "1.0862069129943848": 0.9987298705998588,
        "1.137930989265442": 0.9988055439556346,
        "1.1896551847457886": 0.998871388388615,
        "1.2413792610168457": 0.998931719976313,
        "1.2931034564971924": 0.9989822086165933,
        "1.3448275327682495": 0.9990280995181963,
        "1.3965517282485962": 0.999071060442457,
        "1.4482758045196533": 0.9991095404998929,
        "1.5": 0.9991408586502075,
        "scale_mean": 0.9945256740677942
    },
    "dino": {
        "dino": 0.9150035813742993,
        "random": 0.33378564318021137
    }
}